AIRPORT,Year,INBOUND FRIEGHT,OUTBOUND FREIGHT,INBOUND MAIL,OUTBOUND MAIL
ADELAIDE,1985-86,1381.79,2944.208,3.795,73.862
ADELAIDE,1986-87,1499.049,4026.708,5.778,88.035
ADELAIDE,1987-88,2253.643,4073.178,8.321,83.152
ADELAIDE,1988-89,2624.056,4252.926,68.863,126.737
ADELAIDE,1989-90,2236.388,4765.512,88.188,170.766
ADELAIDE,1990-91,2511.45,5495.856,88.281,149.52
ADELAIDE,1991-92,2680.605,6233.112,114.216,139.021
ADELAIDE,1992-93,2604.951,6939.591,143.85,151.243
ADELAIDE,1993-94,2865.566,7325.465,156.095,122.913
ADELAIDE,1994-95,3226.516,7389.115,143.353,111.372
ADELAIDE,1995-96,2864.189,6892.238,177.524,106.525
ADELAIDE,1996-97,3371.755,7571.736,192.767,98.368
ADELAIDE,1997-98,3321.922,6782.881,174.977,54.994
ADELAIDE,1998-99,3243.428,6381.758,204.33,68.296
ADELAIDE,1999-00,4208.093,6896.313,251.96,263.257
ADELAIDE,2000-01,4169.157,8598.367,266.225,279.227
ADELAIDE,2001-02,3608.269,6995.919,242.049,334.134
ADELAIDE,2002-03,5187.555,7000.155,150.681,223.829
ADELAIDE,2003-04,5828.827,7727.869,85.788,85.571
ADELAIDE,2004-05,6616.521,7815.744,102.499,90.534
ADELAIDE,2005-06,8198.265,8844.056,190.443,101.31
ADELAIDE,2006-07,9346.114,9322.232,272.257,114.607
ADELAIDE,2007-08,9314.475,9829.506,12.756,81.927
ADELAIDE,2008-09,7118.181,11350.356,0.005,82.338
ADELAIDE,2009-10,8500.301,10958.707,2.464,83.429
ADELAIDE,2010-11,8627.111,9175.621,1.348,69.588
ADELAIDE,2011-12,9658.083,8491.281,0.578,68.578
ADELAIDE,2012-13,11163.341,10182.048,0.036,57.683
ADELAIDE,2013-14,10201.062,9602.228,0.487,34.004
ADELAIDE,2014-15,10628.73,10193.524,0.0,38.692
ADELAIDE,2015-16,9343.708,13185.652,0.0,1.664
ADELAIDE,2016-17,11161.674,14560.326,0.051,0.053
ADELAIDE,2017-18,14399.673,17808.676,0.036,0.045
ADELAIDE,2018-19,13929.916,18277.403,0.054,0.06
ADELAIDE,2019-20,9788.212,12848.679,0.026,0.058
ADELAIDE,2020-21,4371.836,5986.498,0.02,0.016
ADELAIDE,2021-22,4878.722,6581.994,0.009,0.006
ADELAIDE,2022-23,5279.842,5884.813,0.803,3.386
AVALON,1986-87,0.0,0.0,0.0,0.0
AVALON,1987-88,0.0,0.0,0.0,0.0
AVALON,1988-89,0.0,0.0,0.0,0.0
AVALON,1989-90,0.0,0.0,0.0,0.0
AVALON,1990-91,0.0,0.0,0.0,0.0
AVALON,1991-92,0.0,0.0,0.0,0.0
AVALON,1992-93,0.0,0.0,0.0,0.0
AVALON,1993-94,0.0,0.0,0.0,0.0
AVALON,1994-95,0.0,0.0,0.0,0.0
AVALON,1995-96,0.0,0.0,0.0,0.0
AVALON,1996-97,0.0,0.0,0.0,0.0
AVALON,1997-98,0.0,0.0,0.0,0.0
AVALON,1998-99,0.0,0.0,0.0,0.0
AVALON,1999-00,0.0,0.0,0.0,0.0
AVALON,2000-01,0.0,0.0,0.0,0.0
AVALON,2001-02,0.0,0.0,0.0,0.0
AVALON,2002-03,0.0,0.0,0.0,0.0
AVALON,2003-04,0.0,0.0,0.0,0.0
AVALON,2004-05,0.0,0.0,0.0,0.0
AVALON,2005-06,0.0,0.0,0.0,0.0
AVALON,2006-07,0.0,0.0,0.0,0.0
AVALON,2007-08,0.0,0.0,0.0,0.0
AVALON,2008-09,0.0,0.0,0.0,0.0
AVALON,2009-10,0.0,0.0,0.0,0.0
AVALON,2010-11,0.0,0.0,0.0,0.0
AVALON,2011-12,0.0,0.0,0.0,0.0
AVALON,2012-13,0.0,0.0,0.0,0.0
AVALON,2013-14,0.0,0.0,0.0,0.0
AVALON,2014-15,0.0,0.0,0.0,0.0
AVALON,2015-16,0.0,0.0,0.0,0.0
AVALON,2016-17,0.0,0.0,0.0,0.0
AVALON,2017-18,0.0,0.0,0.0,0.0
AVALON,2018-19,1468.783,3231.111,0.0,0.0
AVALON,2019-20,2568.771,5083.274,0.0,0.0
AVALON,2020-21,55.538,1.007,0.0,0.0
AVALON,2021-22,0.0,0.0,0.0,0.0
AVALON,2022-23,6.58,125.015,0.0,0.0
BRISBANE,1985-86,5010.137,7838.223,37.029,219.085
BRISBANE,1986-87,5051.164,10203.184,63.182,295.068
BRISBANE,1987-88,6353.162,13879.58,55.202,410.321
BRISBANE,1988-89,10093.088,16941.116,295.336,692.163
BRISBANE,1989-90,11117.171,19323.051,359.235,787.771
BRISBANE,1990-91,11768.521,20401.223,360.337,821.031
BRISBANE,1991-92,12961.862,23627.007,379.634,920.565
BRISBANE,1992-93,12627.943,28490.443,520.739,1062.619
BRISBANE,1993-94,15728.679,33677.738,584.699,1154.696
BRISBANE,1994-95,18451.395,35141.505,936.92,864.599
BRISBANE,1995-96,18824.726,37276.937,988.566,1066.808
BRISBANE,1996-97,24375.983,42374.24,1322.899,964.725
BRISBANE,1997-98,28841.97,46487.414,837.717,886.144
BRISBANE,1998-99,29557.003,43233.18,990.021,756.633
BRISBANE,1999-00,29934.606,47456.895,1195.167,1527.136
BRISBANE,2000-01,26424.426,52318.557,982.408,1721.054
BRISBANE,2001-02,25856.149,47805.163,893.453,2263.316
BRISBANE,2002-03,28932.645,43562.872,790.256,1871.344
BRISBANE,2003-04,32806.341,36245.343,1040.125,1677.591
BRISBANE,2004-05,41317.535,39662.922,1040.866,1765.432
BRISBANE,2005-06,44908.66,40301.62,1145.254,1760.661
BRISBANE,2006-07,45285.993,43771.127,1091.463,2208.055
BRISBANE,2007-08,45737.117,42639.875,1864.765,1854.285
BRISBANE,2008-09,37329.584,43505.667,1914.452,1734.747
BRISBANE,2009-10,42224.142,45064.934,2324.41,1386.549
BRISBANE,2010-11,52195.784,45912.184,2998.077,1177.03
BRISBANE,2011-12,55761.375,48460.629,3465.576,1077.167
BRISBANE,2012-13,53666.605,49107.384,3520.229,1174.899
BRISBANE,2013-14,54294.302,55926.568,2950.724,1034.706
BRISBANE,2014-15,57050.964,63852.82,2392.566,1188.099
BRISBANE,2015-16,50998.405,70688.678,1746.452,1412.893
BRISBANE,2016-17,54952.769,71407.22,1678.113,1652.91
BRISBANE,2017-18,61496.323,78316.127,1627.767,1722.76
BRISBANE,2018-19,60505.621,79257.093,1426.127,2364.146
BRISBANE,2019-20,45398.676,62197.141,1355.604,2056.073
BRISBANE,2020-21,25880.218,36338.437,1066.037,1035.921
BRISBANE,2021-22,37582.478,41632.913,1122.692,1248.682
BRISBANE,2022-23,33181.158,38341.658,775.795,2330.041
BROOME,1986-87,0.0,0.0,0.0,0.0
BROOME,1987-88,0.0,0.0,0.0,0.0
BROOME,1988-89,0.0,0.0,0.0,0.0
BROOME,1989-90,0.0,0.0,0.0,0.0
BROOME,1990-91,0.0,0.0,0.0,0.0
BROOME,1991-92,0.0,0.0,0.0,0.0
BROOME,1992-93,0.0,0.0,0.0,0.0
BROOME,1993-94,0.0,0.0,0.0,0.0
BROOME,1994-95,0.0,0.0,0.0,0.0
BROOME,1995-96,0.0,0.173,0.0,0.0
BROOME,1996-97,0.0,0.0,0.0,0.0
BROOME,1997-98,0.0,0.0,0.0,0.0
BROOME,1998-99,0.0,0.0,0.0,0.0
BROOME,1999-00,0.0,0.0,0.0,0.0
BROOME,2000-01,0.0,0.0,0.0,0.0
BROOME,2001-02,0.0,0.0,0.0,0.0
BROOME,2002-03,0.0,0.0,0.0,0.0
BROOME,2003-04,0.0,0.0,0.0,0.0
BROOME,2004-05,0.0,0.0,0.0,0.0
BROOME,2005-06,0.0,0.0,0.0,0.0
BROOME,2006-07,0.0,0.0,0.0,0.0
BROOME,2007-08,0.0,0.0,0.0,0.0
BROOME,2008-09,0.0,0.0,0.0,0.0
BROOME,2009-10,0.0,0.0,0.0,0.0
BROOME,2010-11,0.0,0.0,0.0,0.0
BROOME,2011-12,0.0,0.0,0.0,0.0
BROOME,2012-13,0.0,0.0,0.0,0.0
BROOME,2013-14,0.0,0.0,0.0,0.0
BROOME,2014-15,0.0,0.0,0.0,0.0
BROOME,2015-16,0.0,0.0,0.0,0.0
BROOME,2016-17,0.0,0.0,0.0,0.0
BROOME,2017-18,0.0,0.0,0.0,0.0
BROOME,2018-19,0.0,0.0,0.0,0.0
BROOME,2019-20,0.0,0.0,0.0,0.0
BROOME,2020-21,0.0,0.0,0.0,0.0
BROOME,2021-22,0.0,0.0,0.0,0.0
BROOME,2022-23,0.0,0.0,0.0,0.0
CAIRNS,1985-86,25.347,363.637,0.0,0.0
CAIRNS,1986-87,150.165,785.83,0.0,0.41
CAIRNS,1987-88,258.259,1104.081,0.44,2.15
CAIRNS,1988-89,933.584,1013.648,13.459,39.908
CAIRNS,1989-90,840.362,1440.833,14.134,51.253
CAIRNS,1990-91,1166.887,1775.851,7.512,51.908
CAIRNS,1991-92,1844.836,2722.031,5.543,72.314
CAIRNS,1992-93,2081.575,5588.661,1.793,68.351
CAIRNS,1993-94,2370.665,5889.019,0.485,75.078
CAIRNS,1994-95,2991.004,9787.992,0.634,66.681
CAIRNS,1995-96,2789.627,11812.875,0.981,48.914
CAIRNS,1996-97,2711.832,11319.827,0.922,53.53
CAIRNS,1997-98,3398.634,9929.579,6.188,47.325
CAIRNS,1998-99,4154.042,8437.25,5.471,80.438
CAIRNS,1999-00,2284.503,7040.366,1.192,60.085
CAIRNS,2000-01,1516.913,7413.11,3.6,82.631
CAIRNS,2001-02,2161.684,7267.025,3.716,90.426
CAIRNS,2002-03,2262.42,8848.968,26.834,133.884
CAIRNS,2003-04,2386.512,8613.935,11.237,82.868
CAIRNS,2004-05,3165.873,8135.19,36.674,143.001
CAIRNS,2005-06,3483.705,8120.319,45.434,329.114
CAIRNS,2006-07,2933.392,5084.449,132.064,39.383
CAIRNS,2007-08,2348.359,4318.094,24.081,133.623
CAIRNS,2008-09,1415.513,3893.724,45.672,179.091
CAIRNS,2009-10,1954.665,3818.9,25.885,245.603
CAIRNS,2010-11,2419.802,3522.097,62.918,136.252
CAIRNS,2011-12,2222.7,3452.6,72.414,103.891
CAIRNS,2012-13,1882.961,3584.032,99.215,21.95
CAIRNS,2013-14,1758.645,3439.15,148.613,7.811
CAIRNS,2014-15,1155.65,3062.578,139.591,1.408
CAIRNS,2015-16,520.59,3120.863,45.264,0.009
CAIRNS,2016-17,424.098,2580.578,40.116,0.403
CAIRNS,2017-18,487.723,2141.759,42.263,10.959
CAIRNS,2018-19,1198.125,2361.232,60.558,3.87
CAIRNS,2019-20,1108.898,1872.335,110.618,0.006
CAIRNS,2020-21,13.234,1663.604,0.0,9.413
CAIRNS,2021-22,22.266,1101.182,0.001,0.734
CAIRNS,2022-23,284.514,412.771,178.659,32.964
CANBERRA,1986-87,0.0,0.0,0.0,0.0
CANBERRA,1987-88,0.0,0.0,0.0,0.0
CANBERRA,1988-89,0.0,0.0,0.0,0.0
CANBERRA,1989-90,0.0,0.0,0.0,0.0
CANBERRA,1990-91,0.0,0.0,0.0,0.0
CANBERRA,1991-92,0.0,0.0,0.0,0.0
CANBERRA,1992-93,0.0,0.0,0.0,0.0
CANBERRA,1993-94,0.0,0.0,0.0,0.0
CANBERRA,1994-95,0.0,0.0,0.0,0.0
CANBERRA,1995-96,0.0,0.0,0.0,0.0
CANBERRA,1996-97,0.0,0.0,0.0,0.0
CANBERRA,1997-98,0.0,0.0,0.0,0.0
CANBERRA,1998-99,0.0,0.0,0.0,0.0
CANBERRA,1999-00,0.0,0.0,0.0,0.0
CANBERRA,2000-01,0.0,0.0,0.0,0.0
CANBERRA,2001-02,0.0,0.0,0.0,0.0
CANBERRA,2002-03,0.0,0.0,0.0,0.0
CANBERRA,2003-04,0.0,0.0,0.0,0.0
CANBERRA,2004-05,0.0,0.0,0.0,0.0
CANBERRA,2005-06,0.0,0.0,0.0,0.0
CANBERRA,2006-07,0.0,0.0,0.0,0.0
CANBERRA,2007-08,0.0,0.0,0.0,0.0
CANBERRA,2008-09,0.0,0.0,0.0,0.0
CANBERRA,2009-10,0.0,0.0,0.0,0.0
CANBERRA,2010-11,0.0,0.0,0.0,0.0
CANBERRA,2011-12,0.0,0.0,0.0,0.0
CANBERRA,2012-13,0.0,0.0,0.0,0.0
CANBERRA,2013-14,0.0,0.0,0.0,0.0
CANBERRA,2014-15,0.0,0.0,0.0,0.0
CANBERRA,2015-16,0.0,0.0,0.0,0.0
CANBERRA,2016-17,467.369,82.53,0.0,0.0
CANBERRA,2017-18,517.787,23.178,0.01,0.001
CANBERRA,2018-19,78.369,5.091,0.019,0.002
CANBERRA,2019-20,30.378,155.993,0.008,0.003
CANBERRA,2020-21,0.505,0.0,0.0,0.0
CANBERRA,2021-22,0.0,0.0,0.0,0.0
CANBERRA,2022-23,0.0,0.0,0.0,0.0
CHRISTMAS ISLAND,1985-86,0.0,0.0,0.0,0.0
CHRISTMAS ISLAND,1986-87,0.0,0.0,0.0,0.0
CHRISTMAS ISLAND,1987-88,0.0,0.0,0.0,0.0
CHRISTMAS ISLAND,1988-89,0.0,0.0,0.0,0.0
CHRISTMAS ISLAND,1989-90,0.0,0.0,0.0,0.0
CHRISTMAS ISLAND,1990-91,0.0,0.0,0.0,0.0
CHRISTMAS ISLAND,1991-92,0.0,0.0,0.0,0.0
CHRISTMAS ISLAND,1992-93,0.0,0.0,0.0,0.0
CHRISTMAS ISLAND,1993-94,102.758,0.0,11.598,0.045
CHRISTMAS ISLAND,1994-95,239.443,0.0,33.99,0.0
CHRISTMAS ISLAND,1995-96,120.612,17.938,0.0,1.327
CHRISTMAS ISLAND,1996-97,22.634,1.253,0.0,0.0
CHRISTMAS ISLAND,1997-98,38.239,0.065,16.464,0.0
CHRISTMAS ISLAND,1998-99,0.0,0.0,0.0,0.0
CHRISTMAS ISLAND,1999-00,0.0,0.0,0.0,0.0
CHRISTMAS ISLAND,2000-01,0.0,0.0,0.0,0.0
CHRISTMAS ISLAND,2001-02,0.0,0.0,0.0,0.0
CHRISTMAS ISLAND,2002-03,0.0,0.0,0.0,0.0
CHRISTMAS ISLAND,2003-04,0.0,0.0,0.0,0.0
CHRISTMAS ISLAND,2004-05,0.0,0.0,0.0,0.0
CHRISTMAS ISLAND,2005-06,0.0,0.0,0.0,0.0
CHRISTMAS ISLAND,2006-07,0.0,0.0,0.0,0.0
CHRISTMAS ISLAND,2007-08,72.287,0.463,16.155,0.0
CHRISTMAS ISLAND,2008-09,0.0,0.0,0.0,0.0
CHRISTMAS ISLAND,2009-10,0.0,0.0,0.0,0.0
CHRISTMAS ISLAND,2010-11,0.0,0.0,0.0,0.0
CHRISTMAS ISLAND,2011-12,0.0,0.0,0.0,0.0
CHRISTMAS ISLAND,2012-13,0.0,0.0,0.0,0.0
CHRISTMAS ISLAND,2013-14,0.0,0.0,0.0,0.0
CHRISTMAS ISLAND,2014-15,0.0,0.0,0.0,0.0
CHRISTMAS ISLAND,2015-16,0.0,0.0,0.0,0.0
CHRISTMAS ISLAND,2016-17,0.0,0.0,0.0,0.0
CHRISTMAS ISLAND,2017-18,0.0,0.0,0.0,0.0
CHRISTMAS ISLAND,2018-19,0.0,0.0,0.0,0.0
CHRISTMAS ISLAND,2019-20,0.0,0.0,0.0,0.0
CHRISTMAS ISLAND,2020-21,0.0,0.0,0.0,0.0
CHRISTMAS ISLAND,2021-22,0.0,0.0,0.0,0.0
CHRISTMAS ISLAND,2022-23,0.0,0.0,0.0,0.0
DARWIN,1985-86,142.931,470.353,0.038,2.613
DARWIN,1986-87,128.932,509.1,0.037,3.716
DARWIN,1987-88,369.326,547.802,1.676,4.921
DARWIN,1988-89,728.739,505.791,3.236,5.972
DARWIN,1989-90,471.713,1045.105,3.755,6.897
DARWIN,1990-91,314.996,969.15,2.892,5.645
DARWIN,1991-92,202.127,1281.668,2.837,5.059
DARWIN,1992-93,207.685,1016.148,9.352,5.411
DARWIN,1993-94,248.944,1334.539,11.077,7.834
DARWIN,1994-95,226.131,1543.701,12.472,7.629
DARWIN,1995-96,334.805,1532.389,12.743,7.894
DARWIN,1996-97,373.271,1115.219,12.499,9.143
DARWIN,1997-98,593.337,1199.249,13.979,9.768
DARWIN,1998-99,383.11,982.883,13.877,9.409
DARWIN,1999-00,743.156,1115.869,56.339,18.85
DARWIN,2000-01,728.189,831.243,67.192,31.011
DARWIN,2001-02,420.801,916.392,65.205,46.05
DARWIN,2002-03,277.967,453.787,42.946,34.173
DARWIN,2003-04,331.36,435.67,28.254,20.237
DARWIN,2004-05,410.934,261.359,22.444,102.93
DARWIN,2005-06,397.909,158.479,12.886,153.892
DARWIN,2006-07,149.266,177.9,5.043,59.607
DARWIN,2007-08,127.03,170.558,0.0,0.0
DARWIN,2008-09,339.984,60.585,0.0,0.0
DARWIN,2009-10,317.02,99.421,0.0,2.646
DARWIN,2010-11,263.234,172.497,0.0,0.0
DARWIN,2011-12,186.896,129.352,0.001,5.85
DARWIN,2012-13,260.453,59.683,0.003,17.728
DARWIN,2013-14,354.561,46.279,0.877,3.203
DARWIN,2014-15,325.594,87.068,0.0,0.0
DARWIN,2015-16,275.458,101.968,0.0,0.0
DARWIN,2016-17,298.718,128.159,0.0,0.0
DARWIN,2017-18,359.858,121.812,0.0,0.0
DARWIN,2018-19,315.15,160.298,0.131,0.0
DARWIN,2019-20,201.13,78.496,0.0,0.0
DARWIN,2020-21,22.514,21.379,0.0,0.0
DARWIN,2021-22,179.797,138.512,0.0,15.292
DARWIN,2022-23,167.244,234.537,0.224,25.994
GOLD COAST,1986-87,0.0,0.0,0.0,0.0
GOLD COAST,1987-88,0.0,0.0,0.0,0.0
GOLD COAST,1988-89,0.0,0.0,0.0,0.0
GOLD COAST,1989-90,0.0,0.0,0.0,0.0
GOLD COAST,1990-91,0.0,0.0,0.0,0.0
GOLD COAST,1991-92,0.0,0.0,0.0,0.0
GOLD COAST,1992-93,0.0,0.0,0.0,0.0
GOLD COAST,1993-94,0.0,0.0,0.0,0.0
GOLD COAST,1994-95,0.0,0.0,0.0,0.0
GOLD COAST,1995-96,0.0,0.0,0.0,0.0
GOLD COAST,1996-97,0.0,0.0,0.0,0.0
GOLD COAST,1997-98,0.0,0.0,0.0,0.0
GOLD COAST,1998-99,0.0,0.0,0.0,0.0
GOLD COAST,1999-00,0.0,0.0,0.0,0.0
GOLD COAST,2000-01,0.0,0.0,0.0,0.0
GOLD COAST,2001-02,0.0,0.0,0.0,0.0
GOLD COAST,2002-03,339.366,101.163,0.0,0.0
GOLD COAST,2003-04,812.315,1.672,0.0,0.0
GOLD COAST,2004-05,0.0,20.88,0.0,0.0
GOLD COAST,2005-06,0.158,62.902,0.0,0.0
GOLD COAST,2006-07,1.622,0.483,0.0,0.0
GOLD COAST,2007-08,440.141,127.069,0.0,0.0
GOLD COAST,2008-09,1386.862,905.802,170.42,4.606
GOLD COAST,2009-10,3598.232,1250.713,45.381,52.073
GOLD COAST,2010-11,6242.1,1354.574,15.307,348.237
GOLD COAST,2011-12,3982.297,1089.148,35.433,337.502
GOLD COAST,2012-13,5100.419,1190.189,132.981,375.266
GOLD COAST,2013-14,3302.652,791.014,148.961,355.066
GOLD COAST,2014-15,3068.923,695.382,100.601,322.798
GOLD COAST,2015-16,3153.549,2052.481,44.163,47.685
GOLD COAST,2016-17,4829.531,2463.615,47.344,0.0
GOLD COAST,2017-18,6692.618,2980.176,52.837,0.0
GOLD COAST,2018-19,2509.95,1071.017,30.57,0.0
GOLD COAST,2019-20,659.078,416.622,5.694,0.0
GOLD COAST,2020-21,29.58,3.264,0.007,0.0
GOLD COAST,2021-22,262.472,24.439,0.0,0.0
GOLD COAST,2022-23,649.009,192.629,66.593,5.69
HOBART,1985-86,92.158,29.068,2.221,0.035
HOBART,1986-87,152.02,106.388,0.706,0.0
HOBART,1987-88,193.776,67.415,0.231,0.008
HOBART,1988-89,118.63,67.582,0.502,0.0
HOBART,1989-90,175.148,25.646,0.786,0.0
HOBART,1990-91,197.136,17.822,0.392,0.0
HOBART,1991-92,31.59,3.103,0.086,0.0
HOBART,1992-93,36.511,3.175,0.0,0.0
HOBART,1993-94,32.222,4.152,0.0,0.147
HOBART,1994-95,7.166,3.398,0.0,0.0
HOBART,1995-96,8.876,7.293,0.0,0.0
HOBART,1996-97,3.335,3.948,0.0,0.0
HOBART,1997-98,3.092,1.733,0.0,0.0
HOBART,1998-99,0.0,0.0,0.0,0.0
HOBART,1999-00,0.0,0.0,0.0,0.0
HOBART,2000-01,0.0,0.0,0.0,0.0
HOBART,2001-02,0.0,0.0,0.0,0.0
HOBART,2002-03,0.0,0.0,0.0,0.0
HOBART,2003-04,0.0,0.0,0.0,0.0
HOBART,2004-05,0.0,0.0,0.0,0.0
HOBART,2005-06,0.0,0.0,0.0,0.0
HOBART,2006-07,0.0,0.0,0.0,0.0
HOBART,2007-08,0.0,0.0,0.0,0.0
HOBART,2008-09,0.0,0.0,0.0,0.0
HOBART,2009-10,0.0,0.0,0.0,0.0
HOBART,2010-11,0.0,0.0,0.0,0.0
HOBART,2011-12,0.0,0.0,0.0,0.0
HOBART,2012-13,0.0,0.0,0.0,0.0
HOBART,2013-14,0.0,0.0,0.0,0.0
HOBART,2014-15,0.0,0.0,0.0,0.0
HOBART,2015-16,0.0,0.0,0.0,0.0
HOBART,2016-17,0.0,0.0,0.0,0.0
HOBART,2017-18,0.0,0.0,0.0,0.0
HOBART,2018-19,0.0,0.0,0.0,0.0
HOBART,2019-20,1.888,0.0,0.0,0.0
HOBART,2020-21,0.314,619.766,0.004,0.0
HOBART,2021-22,0.616,91.099,0.0,0.0
HOBART,2022-23,9.157,59.642,0.018,0.0
MELBOURNE,1985-86,31617.876,36588.579,244.167,996.762
MELBOURNE,1986-87,32097.709,44547.612,377.129,1215.074
MELBOURNE,1987-88,36718.199,45074.838,489.16,1340.423
MELBOURNE,1988-89,45701.965,39406.688,2618.348,1667.469
MELBOURNE,1989-90,46859.614,44409.889,2740.377,1621.364
MELBOURNE,1990-91,42309.645,47091.723,2786.408,1697.044
MELBOURNE,1991-92,43378.007,47839.198,2791.564,1661.741
MELBOURNE,1992-93,46188.395,54825.762,3001.566,1777.258
MELBOURNE,1993-94,53262.417,61700.297,3203.511,2020.422
MELBOURNE,1994-95,65899.135,70347.358,3076.824,1844.987
MELBOURNE,1995-96,71199.344,73665.696,3197.939,2110.655
MELBOURNE,1996-97,84683.307,75222.309,3395.05,2028.316
MELBOURNE,1997-98,79695.189,76125.284,3200.258,1794.114
MELBOURNE,1998-99,82412.351,79901.128,3071.088,1750.693
MELBOURNE,1999-00,99327.204,101405.539,3118.277,2780.226
MELBOURNE,2000-01,91377.118,98524.561,3321.454,3167.427
MELBOURNE,2001-02,82093.672,97395.299,3178.235,3638.872
MELBOURNE,2002-03,93814.107,95929.601,3202.501,3154.565
MELBOURNE,2003-04,96595.682,83943.808,3601.319,2932.514
MELBOURNE,2004-05,112137.025,88900.257,3932.284,2905.347
MELBOURNE,2005-06,107926.796,89156.164,4507.651,3020.432
MELBOURNE,2006-07,111883.069,91629.085,5053.333,3341.716
MELBOURNE,2007-08,115255.518,91183.848,6058.147,3073.091
MELBOURNE,2008-09,96521.758,96674.886,5359.283,3068.765
MELBOURNE,2009-10,107705.661,91327.493,6714.067,2266.165
MELBOURNE,2010-11,126306.004,99229.122,8250.894,1899.872
MELBOURNE,2011-12,126528.883,106683.112,8200.854,2079.987
MELBOURNE,2012-13,127716.931,116835.854,7731.096,2008.187
MELBOURNE,2013-14,131028.826,121809.005,7375.979,2251.526
MELBOURNE,2014-15,132050.67,140816.232,8545.891,2526.446
MELBOURNE,2015-16,122639.209,163998.818,6666.933,2823.97
MELBOURNE,2016-17,132054.037,158772.723,6837.866,2977.677
MELBOURNE,2017-18,146932.345,178519.263,6695.244,3096.454
MELBOURNE,2018-19,136415.19,183100.435,6136.755,3871.905
MELBOURNE,2019-20,114869.4,147187.514,4955.752,3720.301
MELBOURNE,2020-21,102477.845,102511.28,2523.153,2645.677
MELBOURNE,2021-22,130807.042,114069.813,2030.137,1990.13
MELBOURNE,2022-23,118102.234,118006.286,2509.537,2646.206
NEWCASTLE,1986-87,0.0,0.0,0.0,0.0
NEWCASTLE,1987-88,0.0,0.0,0.0,0.0
NEWCASTLE,1988-89,0.0,0.0,0.0,0.0
NEWCASTLE,1989-90,0.0,0.0,0.0,0.0
NEWCASTLE,1990-91,0.0,0.0,0.0,0.0
NEWCASTLE,1991-92,0.0,0.0,0.0,0.0
NEWCASTLE,1992-93,0.0,0.0,0.0,0.0
NEWCASTLE,1993-94,0.0,0.0,0.0,0.0
NEWCASTLE,1994-95,0.0,0.0,0.0,0.0
NEWCASTLE,1995-96,0.0,0.0,0.0,0.0
NEWCASTLE,1996-97,0.0,0.0,0.0,0.0
NEWCASTLE,1997-98,0.0,0.0,0.0,0.0
NEWCASTLE,1998-99,0.0,0.0,0.0,0.0
NEWCASTLE,1999-00,0.0,0.0,0.0,0.0
NEWCASTLE,2000-01,0.0,0.0,0.0,0.0
NEWCASTLE,2001-02,0.0,0.0,0.0,0.0
NEWCASTLE,2002-03,0.0,0.0,0.0,0.0
NEWCASTLE,2003-04,0.0,0.0,0.0,0.0
NEWCASTLE,2004-05,0.0,0.0,0.0,0.0
NEWCASTLE,2005-06,0.0,0.0,0.0,0.0
NEWCASTLE,2006-07,0.0,0.0,0.0,0.0
NEWCASTLE,2007-08,0.0,0.0,0.0,0.0
NEWCASTLE,2008-09,0.0,0.0,0.0,0.0
NEWCASTLE,2009-10,0.0,0.0,0.0,0.0
NEWCASTLE,2010-11,0.0,0.0,0.0,0.0
NEWCASTLE,2011-12,0.0,0.0,0.0,0.0
NEWCASTLE,2012-13,0.0,0.0,0.0,0.0
NEWCASTLE,2013-14,0.0,0.0,0.0,0.0
NEWCASTLE,2014-15,0.0,0.0,0.0,0.0
NEWCASTLE,2015-16,0.0,0.0,0.0,0.0
NEWCASTLE,2016-17,0.0,0.0,0.0,0.0
NEWCASTLE,2017-18,0.0,0.0,0.0,0.0
NEWCASTLE,2018-19,0.0,0.0,0.0,0.0
NEWCASTLE,2019-20,0.0,0.0,0.0,0.0
NEWCASTLE,2020-21,0.0,0.0,0.0,0.0
NEWCASTLE,2021-22,0.0,0.0,0.0,0.0
NEWCASTLE,2022-23,0.0,0.0,0.0,0.0
NORFOLK ISLAND,1985-86,109.886,5.249,9.834,4.241
NORFOLK ISLAND,1986-87,114.629,5.326,0.228,0.211
NORFOLK ISLAND,1987-88,111.587,8.207,0.57,0.651
NORFOLK ISLAND,1988-89,167.652,6.976,4.146,5.583
NORFOLK ISLAND,1989-90,166.846,7.808,10.383,3.136
NORFOLK ISLAND,1990-91,197.93,8.292,8.417,4.856
NORFOLK ISLAND,1991-92,218.113,5.188,5.67,2.348
NORFOLK ISLAND,1992-93,171.247,12.835,5.555,1.809
NORFOLK ISLAND,1993-94,151.931,9.459,4.903,2.196
NORFOLK ISLAND,1994-95,137.895,7.533,4.014,1.435
NORFOLK ISLAND,1995-96,144.581,6.103,3.883,2.711
NORFOLK ISLAND,1996-97,146.424,5.377,0.6,0.0
NORFOLK ISLAND,1997-98,134.848,16.084,4.098,0.82
NORFOLK ISLAND,1998-99,136.209,16.966,4.905,2.349
NORFOLK ISLAND,1999-00,128.975,12.442,5.571,2.438
NORFOLK ISLAND,2000-01,128.848,15.142,5.493,2.186
NORFOLK ISLAND,2001-02,110.606,23.967,4.423,5.649
NORFOLK ISLAND,2002-03,103.899,14.302,3.68,17.167
NORFOLK ISLAND,2003-04,133.71,14.105,3.336,15.928
NORFOLK ISLAND,2004-05,110.254,14.415,3.386,14.66
NORFOLK ISLAND,2005-06,90.579,14.346,3.363,4.597
NORFOLK ISLAND,2006-07,91.327,16.431,3.346,1.643
NORFOLK ISLAND,2007-08,98.141,8.904,3.423,1.506
NORFOLK ISLAND,2008-09,82.405,8.207,2.997,1.392
NORFOLK ISLAND,2009-10,80.467,6.273,2.626,0.82
NORFOLK ISLAND,2010-11,72.687,4.14,2.406,0.771
NORFOLK ISLAND,2011-12,82.081,5.119,2.043,0.648
NORFOLK ISLAND,2012-13,66.732,8.909,1.955,0.627
NORFOLK ISLAND,2013-14,60.041,7.054,1.842,0.506
NORFOLK ISLAND,2014-15,56.933,6.799,1.33,0.496
NORFOLK ISLAND,2015-16,58.083,8.951,1.115,0.452
NORFOLK ISLAND,2016-17,56.321,14.274,0.115,0.0
NORFOLK ISLAND,2017-18,0.0,0.0,0.0,0.0
NORFOLK ISLAND,2018-19,0.0,0.0,0.0,0.0
NORFOLK ISLAND,2019-20,6.389,0.0,0.0,0.0
NORFOLK ISLAND,2020-21,1.232,0.0,0.0,0.0
NORFOLK ISLAND,2021-22,0.853,0.352,0.0,0.0
NORFOLK ISLAND,2022-23,5.199,0.056,0.0,0.0
PERTH,1985-86,5312.694,15261.57,64.517,124.792
PERTH,1986-87,5256.088,16668.169,50.057,206.582
PERTH,1987-88,6768.762,15010.225,80.082,224.413
PERTH,1988-89,9057.049,14268.127,369.224,366.293
PERTH,1989-90,8578.655,15974.657,399.693,426.657
PERTH,1990-91,8606.996,18305.728,461.933,438.465
PERTH,1991-92,9141.094,23567.035,413.804,445.662
PERTH,1992-93,8415.474,27631.432,436.144,483.828
PERTH,1993-94,9580.989,27815.918,513.68,526.542
PERTH,1994-95,11674.052,27681.547,513.143,552.959
PERTH,1995-96,10958.431,27822.42,525.495,623.044
PERTH,1996-97,11492.195,31217.404,587.158,560.408
PERTH,1997-98,16336.607,32503.334,588.686,565.446
PERTH,1998-99,15106.215,31884.294,623.409,755.86
PERTH,1999-00,15329.658,34807.391,711.292,930.094
PERTH,2000-01,13989.839,40264.998,607.384,994.921
PERTH,2001-02,14090.624,36866.737,648.898,1084.502
PERTH,2002-03,16401.207,34384.586,658.588,873.992
PERTH,2003-04,19856.095,33155.287,776.19,723.381
PERTH,2004-05,22931.953,33474.553,806.833,711.246
PERTH,2005-06,26797.166,32892.211,678.704,699.111
PERTH,2006-07,32197.623,32588.142,912.642,717.734
PERTH,2007-08,37256.723,31462.459,1241.738,672.383
PERTH,2008-09,29861.636,34818.178,1102.146,681.151
PERTH,2009-10,32572.023,32604.173,1004.376,676.316
PERTH,2010-11,40787.614,30948.309,946.738,552.209
PERTH,2011-12,43063.595,29097.438,977.98,531.016
PERTH,2012-13,46144.392,37419.705,1169.27,450.243
PERTH,2013-14,41352.123,38859.545,1322.303,198.283
PERTH,2014-15,43294.56,47491.855,931.486,146.316
PERTH,2015-16,39774.593,56117.517,683.457,199.956
PERTH,2016-17,42054.663,58899.391,869.301,175.589
PERTH,2017-18,45242.237,63390.694,768.375,229.4
PERTH,2018-19,43341.401,59341.544,785.63,390.647
PERTH,2019-20,35050.773,49254.355,752.231,349.534
PERTH,2020-21,25943.472,29539.109,765.702,174.124
PERTH,2021-22,33062.838,29854.972,539.227,424.122
PERTH,2022-23,31346.624,32646.04,221.913,281.136
PORT HEDLAND,1985-86,0.0,0.0,0.0,0.0
PORT HEDLAND,1986-87,0.197,0.039,0.0,0.0
PORT HEDLAND,1987-88,0.641,0.074,0.0,0.0
PORT HEDLAND,1988-89,0.844,0.151,0.0,0.0
PORT HEDLAND,1989-90,0.012,0.0,0.0,0.0
PORT HEDLAND,1990-91,0.805,0.006,0.0,0.0
PORT HEDLAND,1991-92,0.191,0.0,0.0,0.0
PORT HEDLAND,1992-93,0.062,0.0,0.0,0.0
PORT HEDLAND,1993-94,0.347,0.0,0.0,0.0
PORT HEDLAND,1994-95,0.142,0.0,0.0,0.0
PORT HEDLAND,1995-96,0.0,0.0,0.0,0.0
PORT HEDLAND,1996-97,0.0,0.0,0.0,0.0
PORT HEDLAND,1997-98,0.0,0.0,0.0,0.0
PORT HEDLAND,1998-99,0.0,0.0,0.0,0.0
PORT HEDLAND,1999-00,0.0,0.0,0.0,0.0
PORT HEDLAND,2000-01,0.0,0.0,0.0,0.0
PORT HEDLAND,2001-02,0.0,0.0,0.0,0.0
PORT HEDLAND,2002-03,0.0,0.0,0.0,0.0
PORT HEDLAND,2003-04,0.0,0.0,0.0,0.0
PORT HEDLAND,2004-05,0.0,0.0,0.0,0.0
PORT HEDLAND,2005-06,0.0,0.0,0.0,0.0
PORT HEDLAND,2006-07,0.0,0.0,0.0,0.0
PORT HEDLAND,2007-08,0.0,0.0,0.0,0.0
PORT HEDLAND,2008-09,0.0,0.0,0.0,0.0
PORT HEDLAND,2009-10,0.0,0.0,0.0,0.0
PORT HEDLAND,2010-11,0.0,0.0,0.0,0.0
PORT HEDLAND,2011-12,0.0,0.0,0.0,0.0
PORT HEDLAND,2012-13,0.0,0.0,0.0,0.0
PORT HEDLAND,2013-14,0.0,0.0,0.0,0.0
PORT HEDLAND,2014-15,0.0,0.0,0.0,0.0
PORT HEDLAND,2015-16,0.0,0.0,0.0,0.0
PORT HEDLAND,2016-17,0.0,0.0,0.0,0.0
PORT HEDLAND,2017-18,0.0,0.0,0.0,0.0
PORT HEDLAND,2018-19,0.0,0.0,0.0,0.0
PORT HEDLAND,2019-20,0.0,0.0,0.0,0.0
PORT HEDLAND,2020-21,0.0,0.0,0.0,0.0
PORT HEDLAND,2021-22,0.0,0.0,0.0,0.0
PORT HEDLAND,2022-23,0.0,0.0,0.0,0.0
SUNSHINE COAST,1986-87,0.0,0.0,0.0,0.0
SUNSHINE COAST,1987-88,0.0,0.0,0.0,0.0
SUNSHINE COAST,1988-89,0.0,0.0,0.0,0.0
SUNSHINE COAST,1989-90,0.0,0.0,0.0,0.0
SUNSHINE COAST,1990-91,0.0,0.0,0.0,0.0
SUNSHINE COAST,1991-92,0.0,0.0,0.0,0.0
SUNSHINE COAST,1992-93,0.0,0.0,0.0,0.0
SUNSHINE COAST,1993-94,0.0,0.0,0.0,0.0
SUNSHINE COAST,1994-95,0.0,0.0,0.0,0.0
SUNSHINE COAST,1995-96,0.0,0.0,0.0,0.0
SUNSHINE COAST,1996-97,0.0,0.0,0.0,0.0
SUNSHINE COAST,1997-98,0.0,0.0,0.0,0.0
SUNSHINE COAST,1998-99,0.0,0.0,0.0,0.0
SUNSHINE COAST,1999-00,0.0,0.0,0.0,0.0
SUNSHINE COAST,2000-01,0.0,0.0,0.0,0.0
SUNSHINE COAST,2001-02,0.0,0.0,0.0,0.0
SUNSHINE COAST,2002-03,0.0,0.0,0.0,0.0
SUNSHINE COAST,2003-04,0.0,0.0,0.0,0.0
SUNSHINE COAST,2004-05,0.0,0.0,0.0,0.0
SUNSHINE COAST,2005-06,0.0,0.0,0.0,0.0
SUNSHINE COAST,2006-07,0.0,0.0,0.0,0.0
SUNSHINE COAST,2007-08,0.0,0.0,0.0,0.0
SUNSHINE COAST,2008-09,0.0,0.0,0.0,0.0
SUNSHINE COAST,2009-10,0.0,0.0,0.0,0.0
SUNSHINE COAST,2010-11,0.0,0.0,0.0,0.0
SUNSHINE COAST,2011-12,0.0,0.0,0.0,0.0
SUNSHINE COAST,2012-13,0.0,0.001,0.0,0.0
SUNSHINE COAST,2013-14,0.0,0.001,0.0,0.002
SUNSHINE COAST,2014-15,0.0,0.0,0.0,0.004
SUNSHINE COAST,2015-16,0.005,0.0,0.0,0.001
SUNSHINE COAST,2016-17,0.0,0.0,0.0,0.0
SUNSHINE COAST,2017-18,0.0,0.0,0.0,0.0
SUNSHINE COAST,2018-19,0.0,0.0,0.0,0.0
SUNSHINE COAST,2019-20,0.0,0.0,0.0,0.005
SUNSHINE COAST,2020-21,0.0,0.0,0.0,0.0
SUNSHINE COAST,2021-22,0.0,0.0,0.0,0.0
SUNSHINE COAST,2022-23,0.058,0.072,0.001,0.0
SYDNEY,1985-86,67232.44,60955.034,811.022,2018.679
SYDNEY,1986-87,66758.103,79641.249,964.191,2361.158
SYDNEY,1987-88,76984.811,85821.595,945.526,2741.491
SYDNEY,1988-89,95662.146,82657.936,5118.611,3842.561
SYDNEY,1989-90,105700.383,90317.249,5511.786,3761.272
SYDNEY,1990-91,107009.613,88980.669,6193.344,3695.869
SYDNEY,1991-92,108583.273,95522.864,6304.725,4016.002
SYDNEY,1992-93,119163.569,116654.45,5774.133,3729.671
SYDNEY,1993-94,127372.216,126434.145,5983.117,4285.854
SYDNEY,1994-95,148056.583,140595.545,5844.613,4176.88
SYDNEY,1995-96,145958.251,152676.419,6285.268,4561.73
SYDNEY,1996-97,157435.679,161497.358,7408.297,4817.044
SYDNEY,1997-98,175397.829,164830.464,8407.572,5385.828
SYDNEY,1998-99,177573.204,162184.375,9089.437,6715.579
SYDNEY,1999-00,187620.63,148935.505,9609.078,7116.27
SYDNEY,2000-01,173403.828,145980.882,10182.429,7440.01
SYDNEY,2001-02,160447.324,148281.331,9288.568,7418.383
SYDNEY,2002-03,162995.948,134523.968,8950.9,7363.707
SYDNEY,2003-04,183539.703,114573.802,9256.192,8103.768
SYDNEY,2004-05,216379.047,121063.208,10122.689,7541.105
SYDNEY,2005-06,234781.523,119841.358,11774.607,7414.688
SYDNEY,2006-07,243269.648,126708.321,12583.765,6939.245
SYDNEY,2007-08,263400.078,127202.385,16641.984,7226.442
SYDNEY,2008-09,224305.842,119795.125,15131.296,7102.264
SYDNEY,2009-10,256227.615,121667.9,16216.542,7091.526
SYDNEY,2010-11,272924.298,122319.365,18762.601,7107.379
SYDNEY,2011-12,291991.534,125898.972,19990.938,6732.85
SYDNEY,2012-13,289161.767,129264.63,19109.474,6191.834
SYDNEY,2013-14,277264.331,132305.814,17852.528,6827.236
SYDNEY,2014-15,270306.72,155679.838,17432.606,6863.577
SYDNEY,2015-16,264099.156,196512.101,15939.84,6129.479
SYDNEY,2016-17,285501.386,203690.977,17656.726,5802.804
SYDNEY,2017-18,305921.897,224559.268,17408.412,5865.602
SYDNEY,2018-19,301418.353,232191.819,17473.404,5390.82
SYDNEY,2019-20,289027.385,225532.402,14658.777,5415.484
SYDNEY,2020-21,325879.366,231974.753,10063.579,6445.602
SYDNEY,2021-22,351660.43,224356.13,7020.287,5384.285
SYDNEY,2022-23,304657.091,184551.402,8043.135,6198.75
TOOWOOMBA WELLCAMP,1985-86,0.0,0.0,0.0,0.0
TOOWOOMBA WELLCAMP,1986-87,0.0,0.0,0.0,0.0
TOOWOOMBA WELLCAMP,1987-88,0.0,0.0,0.0,0.0
TOOWOOMBA WELLCAMP,1988-89,0.0,0.0,0.0,0.0
TOOWOOMBA WELLCAMP,1989-90,0.0,0.0,0.0,0.0
TOOWOOMBA WELLCAMP,1990-91,0.0,0.0,0.0,0.0
TOOWOOMBA WELLCAMP,1991-92,0.0,0.0,0.0,0.0
TOOWOOMBA WELLCAMP,1992-93,0.0,0.0,0.0,0.0
TOOWOOMBA WELLCAMP,1993-94,0.0,0.0,0.0,0.0
TOOWOOMBA WELLCAMP,1994-95,0.0,0.0,0.0,0.0
TOOWOOMBA WELLCAMP,1995-96,0.0,0.0,0.0,0.0
TOOWOOMBA WELLCAMP,1996-97,0.0,0.0,0.0,0.0
TOOWOOMBA WELLCAMP,1997-98,0.0,0.0,0.0,0.0
TOOWOOMBA WELLCAMP,1998-99,0.0,0.0,0.0,0.0
TOOWOOMBA WELLCAMP,1999-00,0.0,0.0,0.0,0.0
TOOWOOMBA WELLCAMP,2000-01,0.0,0.0,0.0,0.0
TOOWOOMBA WELLCAMP,2001-02,0.0,0.0,0.0,0.0
TOOWOOMBA WELLCAMP,2002-03,0.0,0.0,0.0,0.0
TOOWOOMBA WELLCAMP,2003-04,0.0,0.0,0.0,0.0
TOOWOOMBA WELLCAMP,2004-05,0.0,0.0,0.0,0.0
TOOWOOMBA WELLCAMP,2005-06,0.0,0.0,0.0,0.0
TOOWOOMBA WELLCAMP,2006-07,0.0,0.0,0.0,0.0
TOOWOOMBA WELLCAMP,2007-08,0.0,0.0,0.0,0.0
TOOWOOMBA WELLCAMP,2008-09,0.0,0.0,0.0,0.0
TOOWOOMBA WELLCAMP,2009-10,0.0,0.0,0.0,0.0
TOOWOOMBA WELLCAMP,2010-11,0.0,0.0,0.0,0.0
TOOWOOMBA WELLCAMP,2011-12,0.0,0.0,0.0,0.0
TOOWOOMBA WELLCAMP,2012-13,0.0,0.0,0.0,0.0
TOOWOOMBA WELLCAMP,2013-14,0.0,0.0,0.0,0.0
TOOWOOMBA WELLCAMP,2014-15,0.0,0.0,0.0,0.0
TOOWOOMBA WELLCAMP,2015-16,0.0,0.0,0.0,0.0
TOOWOOMBA WELLCAMP,2016-17,21.779,365.708,0.0,0.0
TOOWOOMBA WELLCAMP,2017-18,117.643,817.112,0.0,0.0
TOOWOOMBA WELLCAMP,2018-19,217.228,995.615,0.0,0.0
TOOWOOMBA WELLCAMP,2019-20,175.514,1260.766,0.0,0.0
TOOWOOMBA WELLCAMP,2020-21,104.826,3279.087,0.0,0.0
TOOWOOMBA WELLCAMP,2021-22,410.147,1212.113,0.0,0.0
TOOWOOMBA WELLCAMP,2022-23,90.231,1495.108,0.0,0.0
TOWNSVILLE,1985-86,149.292,253.777,0.0,0.0
TOWNSVILLE,1986-87,115.848,577.399,0.0,0.0
TOWNSVILLE,1987-88,122.461,345.037,0.0,0.005
TOWNSVILLE,1988-89,230.458,207.272,0.0,0.0
TOWNSVILLE,1989-90,191.506,250.669,0.0,0.0
TOWNSVILLE,1990-91,124.216,252.068,0.0,0.0
TOWNSVILLE,1991-92,0.0,0.0,0.0,0.0
TOWNSVILLE,1992-93,2.68,147.651,0.0,0.0
TOWNSVILLE,1993-94,12.507,415.559,0.0,0.0
TOWNSVILLE,1994-95,3.806,91.182,0.0,0.0
TOWNSVILLE,1995-96,0.0,0.0,0.0,0.0
TOWNSVILLE,1996-97,0.021,0.0,0.0,0.0
TOWNSVILLE,1997-98,0.015,0.0,0.0,0.0
TOWNSVILLE,1998-99,0.0,0.0,0.0,0.0
TOWNSVILLE,1999-00,0.0,0.0,0.0,0.0
TOWNSVILLE,2000-01,0.0,0.0,0.0,0.0
TOWNSVILLE,2001-02,0.0,0.462,0.0,0.0
TOWNSVILLE,2002-03,0.0,0.0,0.0,0.0
TOWNSVILLE,2003-04,0.0,0.0,0.0,0.0
TOWNSVILLE,2004-05,0.0,0.0,0.0,0.0
TOWNSVILLE,2005-06,0.0,50.619,0.0,0.0
TOWNSVILLE,2006-07,0.0,0.0,0.0,0.0
TOWNSVILLE,2007-08,0.0,0.0,0.0,0.0
TOWNSVILLE,2008-09,0.0,0.0,0.0,0.0
TOWNSVILLE,2009-10,0.0,0.0,0.0,0.0
TOWNSVILLE,2010-11,0.0,0.0,0.0,0.0
TOWNSVILLE,2011-12,0.0,0.0,0.0,0.0
TOWNSVILLE,2012-13,0.0,0.0,0.0,0.0
TOWNSVILLE,2013-14,0.0,0.0,0.0,0.0
TOWNSVILLE,2014-15,0.0,0.0,0.0,0.0
TOWNSVILLE,2015-16,0.0,0.0,0.0,0.0
TOWNSVILLE,2016-17,0.0,0.0,0.0,0.0
TOWNSVILLE,2017-18,0.263,0.791,0.0,0.0
TOWNSVILLE,2018-19,0.0,0.026,0.0,0.0
TOWNSVILLE,2019-20,0.0,0.0,0.0,0.0
TOWNSVILLE,2020-21,0.0,0.0,0.0,0.0
TOWNSVILLE,2021-22,0.0,0.0,0.0,0.0
TOWNSVILLE,2022-23,0.0,0.0,0.0,0.0
